"SID","SummerTemp","SN","TempCatS","JulyTemp","JN","TempCatJ","MaxD","MN","TempCatM","Max24.9","Max27","Flag","Year","Collector"
"18981",18.8955298913043,92,"Cool",19.9570161290323,31,"Cool",22.2454166666667,231,"Cold",0,0,NA,"2017","Vol"
"18982",20.9651494565217,92,"Cool",22.0673790322581,31,"Cool",24.4604166666667,231,"Cool",9,0,NA,"2017","Vol"
"18983",21.2961096014493,92,"Cool",21.7745833333333,31,"Cool",24.6408333333333,132,"Cool",23,0,NA,"2017","Vol"
